epoch,time,train/box_loss,train/seg_loss,train/cls_loss,train/dfl_loss,train/sem_loss,metrics/precision(B),metrics/recall(B),metrics/mAP50(B),metrics/mAP50-95(B),metrics/precision(M),metrics/recall(M),metrics/mAP50(M),metrics/mAP50-95(M),val/box_loss,val/seg_loss,val/cls_loss,val/dfl_loss,val/sem_loss,lr/pg0,lr/pg1,lr/pg2,lr/pg3,lr/pg4,lr/pg5,lr/pg6,lr/pg7
1,11.7786,0.85969,1.85115,3.18748,1.12034,0,0.00333,0.96774,0.35345,0.236,0.00333,0.96774,0.35338,0.23725,0.57722,0.96034,2.99603,0.97113,0,0.00042,0.00014,0.00042,0.00014,0.00042,0.00014,0.00042,0.00014
2,13.5952,0.76745,1.60607,2.94368,1.01654,0,0.00344,1,0.54442,0.37912,0.00344,1,0.59143,0.42351,0.46047,0.83805,2.93609,0.90316,0,0.000895545,0.000298515,0.000895545,0.000298515,0.000895545,0.000298515,0.000895545,0.000298515
3,15.1532,0.63862,1.37677,2.89529,0.99979,0,0.00344,1,0.64581,0.4551,0.00344,1,0.67145,0.4981,0.40797,0.76729,2.91178,0.87799,0,0.00136634,0.000455446,0.00136634,0.000455446,0.00136634,0.000455446,0.00136634,0.000455446
4,16.7094,0.51241,0.95434,2.68753,0.95768,0,0.00344,1,0.74158,0.60568,0.00344,1,0.76653,0.5717,0.35536,0.70734,2.87213,0.84541,0,0.00183238,0.000610793,0.00183238,0.000610793,0.00183238,0.000610793,0.00183238,0.000610793
5,18.2817,0.49596,0.8238,2.56773,0.91938,0,0.00344,1,0.83841,0.74923,0.00344,1,0.86268,0.66016,0.34921,0.67618,2.8411,0.83469,0,0.00229367,0.000764556,0.00229367,0.000764556,0.00229367,0.000764556,0.00229367,0.000764556
6,19.8375,0.45957,0.71423,2.22179,0.89394,0,0.00344,1,0.91439,0.82978,0.00344,1,0.94657,0.74906,0.34891,0.65098,2.76582,0.81351,0,0.0027502,0.000916735,0.0027502,0.000916735,0.0027502,0.000916735,0.0027502,0.000916735
7,21.3417,0.46986,0.75002,1.96632,0.89283,0,0.00344,1,0.93027,0.86008,0.00333,0.96774,0.96313,0.76003,0.38139,0.65271,2.65765,0.83658,0,0.00320199,0.00106733,0.00320199,0.00106733,0.00320199,0.00106733,0.00320199,0.00106733
8,22.8419,0.46717,0.76242,1.64354,0.87428,0,0.9613,0.8015,0.92595,0.85065,1,0.83375,0.96517,0.75006,0.43906,0.65822,2.4428,0.89329,0,0.00364902,0.00121634,0.00364902,0.00121634,0.00364902,0.00121634,0.00364902,0.00121634
9,24.3257,0.45009,0.72616,1.37183,0.91037,0,0.96222,0.93548,0.92488,0.84339,0.99579,0.96774,0.96506,0.74599,0.48592,0.65379,2.05464,0.93229,0,0.0040913,0.00136377,0.0040913,0.00136377,0.0040913,0.00136377,0.0040913,0.00136377
10,25.7432,0.41328,0.66745,1.10717,0.85101,0,0.96443,0.93548,0.92152,0.83188,0.99785,0.96774,0.96506,0.7775,0.47468,0.66335,1.73032,0.9428,0,0.00452883,0.00150961,0.00452883,0.00150961,0.00452883,0.00150961,0.00452883,0.00150961
11,27.2467,0.44233,0.60709,1.07404,0.86647,0,0.96473,0.93548,0.92122,0.83816,0.99799,0.96774,0.96506,0.76158,0.47746,0.69336,1.36693,0.92654,0,0.00496161,0.00165387,0.00496161,0.00165387,0.00496161,0.00165387,0.00496161,0.00165387
12,28.6764,0.4427,0.63704,1.03171,0.8666,0,0.96475,0.93548,0.92099,0.86558,0.99802,0.96774,0.96506,0.76565,0.4402,0.69877,1.27379,0.89918,0,0.00538964,0.00179654,0.00538964,0.00179654,0.00538964,0.00179654,0.00538964,0.00179654
13,30.1328,0.43038,0.65952,1.01048,0.86927,0,0.96497,0.93548,0.91924,0.85619,0.99824,0.96774,0.96506,0.76428,0.45071,0.69542,1.26078,0.90937,0,0.0056436,0.0018812,0.0056436,0.0018812,0.0056436,0.0018812,0.0056436,0.0018812
14,31.543,0.42308,0.59892,0.94806,0.8618,0,0.965,0.93548,0.90628,0.84831,0.99828,0.96774,0.96506,0.77471,0.46866,0.69082,1.21682,0.9211,0,0.0056139,0.0018713,0.0056139,0.0018713,0.0056139,0.0018713,0.0056139,0.0018713
15,33.0097,0.43445,0.61778,0.90157,0.86901,0,0.96498,0.93548,0.90964,0.84067,0.99825,0.96774,0.96506,0.78828,0.4679,0.69081,1.21473,0.89788,0,0.0055842,0.0018614,0.0055842,0.0018614,0.0055842,0.0018614,0.0055842,0.0018614
16,34.4246,0.43169,0.57498,0.90328,0.86599,0,0.96497,0.93548,0.92106,0.83858,0.99824,0.96774,0.96506,0.78509,0.47209,0.69865,1.18453,0.91433,0,0.0055545,0.0018515,0.0055545,0.0018515,0.0055545,0.0018515,0.0055545,0.0018515
17,35.893,0.42245,0.57631,0.9042,0.87823,0,0.9649,0.93548,0.91388,0.83291,0.99818,0.96774,0.96506,0.78368,0.47279,0.68785,1.15091,0.9136,0,0.0055248,0.0018416,0.0055248,0.0018416,0.0055248,0.0018416,0.0055248,0.0018416
18,37.3056,0.41177,0.60372,0.86874,0.86359,0,0.96481,0.93548,0.91293,0.80878,0.99808,0.96774,0.96506,0.77624,0.51398,0.68858,1.15322,0.91553,0,0.0054951,0.0018317,0.0054951,0.0018317,0.0054951,0.0018317,0.0054951,0.0018317
19,38.7675,0.42056,0.63067,0.87206,0.86971,0,0.9648,0.93548,0.91382,0.83334,0.99806,0.96774,0.96506,0.779,0.46549,0.66952,1.08856,0.92854,0,0.0054654,0.0018218,0.0054654,0.0018218,0.0054654,0.0018218,0.0054654,0.0018218
20,40.2423,0.42916,0.53169,0.81539,0.87946,0,0.96478,0.93548,0.91245,0.82384,0.99805,0.96774,0.96506,0.77642,0.44897,0.67726,1.01606,0.91536,0,0.0054357,0.0018119,0.0054357,0.0018119,0.0054357,0.0018119,0.0054357,0.0018119
21,41.7124,0.42599,0.59828,0.8144,0.8804,0,0.96489,0.93548,0.91856,0.83786,0.99816,0.96774,0.96506,0.78047,0.43845,0.68668,0.94408,0.91227,0,0.005406,0.001802,0.005406,0.001802,0.005406,0.001802,0.005406,0.001802
22,43.1702,0.40174,0.58059,0.75679,0.89154,0,0.96482,0.93548,0.92862,0.84485,0.99809,0.96774,0.96506,0.79227,0.41493,0.68232,0.88616,0.89187,0,0.0053763,0.0017921,0.0053763,0.0017921,0.0053763,0.0017921,0.0053763,0.0017921
23,44.6637,0.40604,0.55608,0.78963,0.89441,0,0.96485,0.93548,0.91677,0.8568,0.99812,0.96774,0.96506,0.7893,0.45231,0.69501,0.84636,0.8907,0,0.0053466,0.0017822,0.0053466,0.0017822,0.0053466,0.0017822,0.0053466,0.0017822
24,46.0844,0.41772,0.58617,0.75032,0.87299,0,0.96486,0.93548,0.91178,0.85685,0.99817,0.96774,0.96506,0.79766,0.42535,0.68227,0.80922,0.88192,0,0.0053169,0.0017723,0.0053169,0.0017723,0.0053169,0.0017723,0.0053169,0.0017723
25,47.5261,0.39914,0.58393,0.70192,0.85323,0,0.96493,0.93548,0.91577,0.86171,0.99821,0.96774,0.96506,0.79489,0.43278,0.66807,0.76395,0.88918,0,0.0052872,0.0017624,0.0052872,0.0017624,0.0052872,0.0017624,0.0052872,0.0017624
26,48.9486,0.38191,0.57229,0.72167,0.84099,0,0.965,0.93548,0.91477,0.87379,0.99827,0.96774,0.96506,0.77784,0.45043,0.676,0.67056,0.90702,0,0.0052575,0.0017525,0.0052575,0.0017525,0.0052575,0.0017525,0.0052575,0.0017525
27,50.3547,0.41243,0.5442,0.68569,0.85874,0,0.96498,0.93548,0.91385,0.85914,0.99825,0.96774,0.96506,0.78304,0.42714,0.6817,0.64095,0.89937,0,0.0052278,0.0017426,0.0052278,0.0017426,0.0052278,0.0017426,0.0052278,0.0017426
28,51.9811,0.39528,0.56637,0.65426,0.85388,0,0.9649,0.93548,0.91255,0.85522,0.99817,0.96774,0.96506,0.78408,0.43692,0.71853,0.63736,0.92048,0,0.0051981,0.0017327,0.0051981,0.0017327,0.0051981,0.0017327,0.0051981,0.0017327
29,53.3959,0.38615,0.59992,0.65348,0.87445,0,0.96492,0.93548,0.91396,0.86489,0.99819,0.96774,0.96506,0.79233,0.43063,0.7185,0.60643,0.91653,0,0.0051684,0.0017228,0.0051684,0.0017228,0.0051684,0.0017228,0.0051684,0.0017228
30,54.8106,0.40681,0.64555,0.68276,0.89343,0,0.96497,0.93548,0.915,0.86125,0.99824,0.96774,0.96506,0.79566,0.42026,0.7146,0.57254,0.90774,0,0.0051387,0.0017129,0.0051387,0.0017129,0.0051387,0.0017129,0.0051387,0.0017129
31,56.2179,0.36613,0.54155,0.63212,0.86718,0,0.96495,0.93548,0.92468,0.84821,0.99823,0.96774,0.96506,0.7905,0.46033,0.72765,0.58263,0.92003,0,0.005109,0.001703,0.005109,0.001703,0.005109,0.001703,0.005109,0.001703
32,57.6203,0.39882,0.58858,0.64074,0.86426,0,0.96497,0.93548,0.91402,0.82492,0.99824,0.96774,0.96506,0.78713,0.46632,0.7157,0.55744,0.93163,0,0.0050793,0.0016931,0.0050793,0.0016931,0.0050793,0.0016931,0.0050793,0.0016931
33,59.0181,0.38291,0.51851,0.59869,0.86459,0,0.96495,0.93548,0.92036,0.83138,0.99823,0.96774,0.96506,0.78569,0.43687,0.70446,0.54129,0.91609,0,0.0050496,0.0016832,0.0050496,0.0016832,0.0050496,0.0016832,0.0050496,0.0016832
34,60.421,0.39164,0.55184,0.60765,0.89859,0,0.96496,0.93548,0.91171,0.84089,0.99823,0.96774,0.96506,0.78363,0.41752,0.68686,0.51356,0.91251,0,0.0050199,0.0016733,0.0050199,0.0016733,0.0050199,0.0016733,0.0050199,0.0016733
35,61.8224,0.41854,0.56391,0.6194,0.8664,0,0.96494,0.93548,0.90841,0.83515,0.99822,0.96774,0.96506,0.78064,0.41066,0.68416,0.49549,0.90799,0,0.0049902,0.0016634,0.0049902,0.0016634,0.0049902,0.0016634,0.0049902,0.0016634
36,63.2333,0.38517,0.59374,0.57452,0.86912,0,0.965,0.93548,0.90636,0.83333,0.99827,0.96774,0.96506,0.7877,0.41438,0.68749,0.52765,0.89764,0,0.0049605,0.0016535,0.0049605,0.0016535,0.0049605,0.0016535,0.0049605,0.0016535
37,64.6346,0.41514,0.6049,0.59034,0.86879,0,0.96482,0.93548,0.91075,0.83486,0.99813,0.96774,0.96506,0.7797,0.42656,0.69174,0.51764,0.9129,0,0.0049308,0.0016436,0.0049308,0.0016436,0.0049308,0.0016436,0.0049308,0.0016436
38,66.0346,0.40675,0.60775,0.57619,0.87465,0,0.96476,0.93548,0.91231,0.85745,0.99802,0.96774,0.96506,0.77961,0.42089,0.69056,0.49392,0.92139,0,0.0049011,0.0016337,0.0049011,0.0016337,0.0049011,0.0016337,0.0049011,0.0016337
39,67.438,0.4442,0.6397,0.59679,0.87903,0,0.96496,0.93548,0.91709,0.85011,0.99824,0.96774,0.96506,0.77577,0.43762,0.69486,0.48501,0.9221,0,0.0048714,0.0016238,0.0048714,0.0016238,0.0048714,0.0016238,0.0048714,0.0016238
40,68.8346,0.37438,0.59521,0.57711,0.85668,0,0.96505,0.93548,0.91681,0.85144,0.99837,0.96774,0.96506,0.78002,0.42757,0.70258,0.45682,0.9155,0,0.0048417,0.0016139,0.0048417,0.0016139,0.0048417,0.0016139,0.0048417,0.0016139
41,70.2304,0.37682,0.56518,0.5288,0.87647,0,0.96491,0.93548,0.91711,0.85032,0.99822,0.96774,0.96506,0.78452,0.42439,0.7047,0.45708,0.91278,0,0.004812,0.001604,0.004812,0.001604,0.004812,0.001604,0.004812,0.001604
42,71.6372,0.38018,0.57574,0.52091,0.86871,0,0.96491,0.93548,0.91614,0.85161,0.99818,0.96774,0.96506,0.78719,0.42906,0.71598,0.4603,0.92502,0,0.0047823,0.0015941,0.0047823,0.0015941,0.0047823,0.0015941,0.0047823,0.0015941
43,73.0385,0.37583,0.57447,0.53642,0.8658,0,0.96493,0.93548,0.91715,0.84442,0.9982,0.96774,0.96506,0.78636,0.42559,0.71614,0.44936,0.92425,0,0.0047526,0.0015842,0.0047526,0.0015842,0.0047526,0.0015842,0.0047526,0.0015842
44,74.4391,0.38742,0.53315,0.53465,0.87041,0,0.9649,0.93548,0.91716,0.86714,0.99818,0.96774,0.96506,0.7857,0.41906,0.7096,0.46617,0.92147,0,0.0047229,0.0015743,0.0047229,0.0015743,0.0047229,0.0015743,0.0047229,0.0015743
45,75.8343,0.35875,0.54298,0.51431,0.85071,0,0.96496,0.93548,0.91179,0.86489,0.99828,0.96774,0.96506,0.7876,0.41868,0.69076,0.45133,0.92111,0,0.0046932,0.0015644,0.0046932,0.0015644,0.0046932,0.0015644,0.0046932,0.0015644
46,77.2747,0.37762,0.52441,0.5244,0.86816,0,0.9649,0.93548,0.90743,0.86843,0.99817,0.96774,0.96506,0.7842,0.42497,0.70158,0.45742,0.91402,0,0.0046635,0.0015545,0.0046635,0.0015545,0.0046635,0.0015545,0.0046635,0.0015545
47,78.7736,0.36748,0.54184,0.47562,0.86059,0,0.96486,0.93548,0.90974,0.85957,0.99813,0.96774,0.96507,0.78415,0.40083,0.69957,0.44559,0.90651,0,0.0046338,0.0015446,0.0046338,0.0015446,0.0046338,0.0015446,0.0046338,0.0015446
48,80.1892,0.37437,0.52135,0.5002,0.88012,0,0.96488,0.93548,0.90968,0.86151,0.99816,0.96774,0.96507,0.78399,0.40676,0.69373,0.4505,0.90754,0,0.0046041,0.0015347,0.0046041,0.0015347,0.0046041,0.0015347,0.0046041,0.0015347
49,81.5839,0.35302,0.49306,0.48524,0.85318,0,0.96494,0.93548,0.91068,0.85449,0.99822,0.96774,0.96508,0.78283,0.40992,0.69974,0.45558,0.89694,0,0.0045744,0.0015248,0.0045744,0.0015248,0.0045744,0.0015248,0.0045744,0.0015248
50,82.9625,0.33862,0.48599,0.45786,0.852,0,0.96491,0.93548,0.91276,0.85716,0.99818,0.96774,0.96508,0.78375,0.39253,0.70629,0.43319,0.896,0,0.0045447,0.0015149,0.0045447,0.0015149,0.0045447,0.0015149,0.0045447,0.0015149
51,84.344,0.36854,0.53747,0.46627,0.86439,0,0.96497,0.93548,0.91501,0.85643,0.99824,0.96774,0.96509,0.78065,0.40786,0.71073,0.4458,0.89864,0,0.004515,0.001505,0.004515,0.001505,0.004515,0.001505,0.004515,0.001505
52,85.7363,0.35019,0.47824,0.44675,0.8686,0,0.96496,0.93548,0.92116,0.863,0.99824,0.96774,0.96509,0.78709,0.40323,0.709,0.43493,0.91488,0,0.0044853,0.0014951,0.0044853,0.0014951,0.0044853,0.0014951,0.0044853,0.0014951
53,87.1265,0.3612,0.5375,0.4656,0.86139,0,0.96495,0.93548,0.92349,0.86142,0.99823,0.96774,0.96509,0.79663,0.40407,0.73308,0.4292,0.92029,0,0.0044556,0.0014852,0.0044556,0.0014852,0.0044556,0.0014852,0.0044556,0.0014852
54,88.5213,0.3578,0.51528,0.45255,0.88622,0,0.96491,0.93548,0.92349,0.84919,0.99818,0.96774,0.96509,0.80067,0.43991,0.71937,0.44281,0.92877,0,0.0044259,0.0014753,0.0044259,0.0014753,0.0044259,0.0014753,0.0044259,0.0014753
55,89.9001,0.3442,0.51,0.44234,0.84705,0,0.96492,0.93548,0.91927,0.8519,0.99819,0.96774,0.9651,0.78287,0.45074,0.72442,0.43536,0.9302,0,0.0043962,0.0014654,0.0043962,0.0014654,0.0043962,0.0014654,0.0043962,0.0014654
56,91.2895,0.35901,0.55275,0.45459,0.85768,0,0.96493,0.93548,0.91584,0.85523,0.99821,0.96774,0.9651,0.78266,0.42452,0.72306,0.41861,0.92729,0,0.0043665,0.0014555,0.0043665,0.0014555,0.0043665,0.0014555,0.0043665,0.0014555
57,92.6684,0.32308,0.45456,0.44168,0.86576,0,0.96489,0.93548,0.91164,0.8535,0.99817,0.96774,0.9651,0.79139,0.40841,0.71438,0.41449,0.92252,0,0.0043368,0.0014456,0.0043368,0.0014456,0.0043368,0.0014456,0.0043368,0.0014456
58,94.0433,0.37442,0.58283,0.45547,0.87998,0,0.96489,0.93548,0.91264,0.87161,0.99816,0.96774,0.96511,0.79375,0.3888,0.70655,0.40788,0.91936,0,0.0043071,0.0014357,0.0043071,0.0014357,0.0043071,0.0014357,0.0043071,0.0014357
59,95.4276,0.38165,0.64018,0.43805,0.85797,0,0.96497,0.93548,0.90819,0.84452,0.99825,0.96774,0.96511,0.79355,0.40917,0.70353,0.39514,0.92061,0,0.0042774,0.0014258,0.0042774,0.0014258,0.0042774,0.0014258,0.0042774,0.0014258
60,96.802,0.42952,0.54345,0.48176,0.9094,0,0.96494,0.93548,0.9062,0.82512,0.99822,0.96774,0.96512,0.79179,0.44278,0.70924,0.4047,0.93088,0,0.0042477,0.0014159,0.0042477,0.0014159,0.0042477,0.0014159,0.0042477,0.0014159
61,98.1758,0.34854,0.49467,0.44609,0.86418,0,0.965,0.93548,0.91153,0.84268,0.99828,0.96774,0.96512,0.79718,0.41961,0.70905,0.39285,0.9288,0,0.004218,0.001406,0.004218,0.001406,0.004218,0.001406,0.004218,0.001406
62,99.5483,0.35945,0.53608,0.45754,0.86965,0,0.96503,0.93548,0.91065,0.83202,0.9983,0.96774,0.96512,0.79196,0.42278,0.74841,0.41127,0.9328,0,0.0041883,0.0013961,0.0041883,0.0013961,0.0041883,0.0013961,0.0041883,0.0013961
63,100.923,0.36759,0.533,0.44402,0.85553,0,0.96501,0.93548,0.91386,0.85481,0.99828,0.96774,0.96511,0.79022,0.39627,0.73911,0.40333,0.91971,0,0.0041586,0.0013862,0.0041586,0.0013862,0.0041586,0.0013862,0.0041586,0.0013862
64,102.301,0.34391,0.51412,0.41059,0.86705,0,0.96499,0.93548,0.90819,0.86244,0.99827,0.96774,0.96511,0.79724,0.3921,0.74523,0.39582,0.92254,0,0.0041289,0.0013763,0.0041289,0.0013763,0.0041289,0.0013763,0.0041289,0.0013763
65,103.682,0.34737,0.53794,0.44771,0.8682,0,0.96499,0.93548,0.90951,0.84849,0.99827,0.96774,0.96511,0.78501,0.39414,0.75528,0.37726,0.91823,0,0.0040992,0.0013664,0.0040992,0.0013664,0.0040992,0.0013664,0.0040992,0.0013664
66,105.159,0.33219,0.49662,0.42606,0.86267,0,0.96503,0.93548,0.90718,0.85727,0.99831,0.96774,0.96511,0.78927,0.38808,0.7705,0.3715,0.92003,0,0.0040695,0.0013565,0.0040695,0.0013565,0.0040695,0.0013565,0.0040695,0.0013565
67,106.576,0.34456,0.56726,0.41762,0.86682,0,0.96497,0.93548,0.91052,0.84862,0.99824,0.96774,0.96511,0.78035,0.39228,0.7614,0.37822,0.91859,0,0.0040398,0.0013466,0.0040398,0.0013466,0.0040398,0.0013466,0.0040398,0.0013466
68,107.953,0.36638,0.54426,0.42191,0.86603,0,0.96491,0.93548,0.91685,0.85916,0.99819,0.96774,0.96511,0.7917,0.40779,0.7598,0.36414,0.91979,0,0.0040101,0.0013367,0.0040101,0.0013367,0.0040101,0.0013367,0.0040101,0.0013367
69,109.338,0.32542,0.4898,0.38924,0.87154,0,0.96497,0.93548,0.91795,0.86132,0.99824,0.96774,0.9651,0.78471,0.39267,0.76264,0.37204,0.91237,0,0.0039804,0.0013268,0.0039804,0.0013268,0.0039804,0.0013268,0.0039804,0.0013268
70,110.715,0.33866,0.55201,0.409,0.87115,0,0.965,0.93548,0.92228,0.87273,0.99828,0.96774,0.96511,0.79773,0.40018,0.77455,0.36277,0.91105,0,0.0039507,0.0013169,0.0039507,0.0013169,0.0039507,0.0013169,0.0039507,0.0013169
71,112.178,0.36436,0.49405,0.42469,0.85806,0,0.96504,0.93548,0.91918,0.87935,0.99836,0.96774,0.96511,0.79968,0.39311,0.7849,0.3699,0.90561,0,0.003921,0.001307,0.003921,0.001307,0.003921,0.001307,0.003921,0.001307
72,113.626,0.36359,0.51865,0.40179,0.87283,0,0.9651,0.93548,0.92118,0.87699,0.99842,0.96774,0.96511,0.79828,0.40085,0.80028,0.37077,0.9057,0,0.0038913,0.0012971,0.0038913,0.0012971,0.0038913,0.0012971,0.0038913,0.0012971
73,115.004,0.33242,0.50651,0.40458,0.85141,0,0.96501,0.93548,0.91919,0.86781,0.99828,0.96774,0.96511,0.79428,0.39774,0.80562,0.3519,0.90271,0,0.0038616,0.0012872,0.0038616,0.0012872,0.0038616,0.0012872,0.0038616,0.0012872
74,116.379,0.33175,0.49222,0.38998,0.83921,0,0.965,0.93548,0.91786,0.87986,0.99827,0.96774,0.96512,0.79717,0.3928,0.8054,0.35368,0.90757,0,0.0038319,0.0012773,0.0038319,0.0012773,0.0038319,0.0012773,0.0038319,0.0012773
75,117.755,0.34788,0.5197,0.40823,0.8869,0,0.965,0.93548,0.91687,0.8441,0.99827,0.96774,0.96512,0.78995,0.38179,0.80404,0.34914,0.90584,0,0.0038022,0.0012674,0.0038022,0.0012674,0.0038022,0.0012674,0.0038022,0.0012674
76,119.125,0.32844,0.49911,0.37222,0.8473,0,0.96499,0.93548,0.9202,0.85466,0.99827,0.96774,0.96512,0.78978,0.37444,0.78859,0.34663,0.90523,0,0.0037725,0.0012575,0.0037725,0.0012575,0.0037725,0.0012575,0.0037725,0.0012575
77,120.497,0.34703,0.50624,0.39091,0.85294,0,0.96499,0.93548,0.92033,0.87178,0.99826,0.96774,0.96512,0.78978,0.37318,0.78292,0.33937,0.90082,0,0.0037428,0.0012476,0.0037428,0.0012476,0.0037428,0.0012476,0.0037428,0.0012476
78,121.87,0.32325,0.47567,0.35784,0.86017,0,0.96495,0.93548,0.92466,0.87075,0.99822,0.96774,0.96512,0.79356,0.35579,0.76254,0.33137,0.90009,0,0.0037131,0.0012377,0.0037131,0.0012377,0.0037131,0.0012377,0.0037131,0.0012377
79,123.24,0.32842,0.46323,0.37563,0.8463,0,0.96495,0.93548,0.92887,0.87674,0.99823,0.96774,0.96512,0.78982,0.35644,0.76023,0.3351,0.90211,0,0.0036834,0.0012278,0.0036834,0.0012278,0.0036834,0.0012278,0.0036834,0.0012278
80,124.621,0.3229,0.46091,0.36609,0.83866,0,0.965,0.93548,0.91787,0.86633,0.99827,0.96774,0.96512,0.79948,0.36011,0.76315,0.31741,0.90806,0,0.0036537,0.0012179,0.0036537,0.0012179,0.0036537,0.0012179,0.0036537,0.0012179
81,125.995,0.31791,0.50129,0.36973,0.85022,0,0.965,0.93548,0.91388,0.86112,0.99828,0.96774,0.96512,0.79688,0.36846,0.76425,0.32692,0.90749,0,0.003624,0.001208,0.003624,0.001208,0.003624,0.001208,0.003624,0.001208
82,127.372,0.32171,0.48247,0.36555,0.84611,0,0.96496,0.93548,0.90955,0.85029,0.99824,0.96774,0.96513,0.79508,0.36381,0.76979,0.328,0.90488,0,0.0035943,0.0011981,0.0035943,0.0011981,0.0035943,0.0011981,0.0035943,0.0011981
83,128.757,0.32423,0.51144,0.37612,0.85129,0,0.96495,0.93548,0.91155,0.86329,0.99823,0.96774,0.96513,0.79522,0.34734,0.75955,0.33576,0.90938,0,0.0035646,0.0011882,0.0035646,0.0011882,0.0035646,0.0011882,0.0035646,0.0011882
84,130.126,0.33722,0.49349,0.39363,0.85469,0,0.96495,0.93548,0.91488,0.86261,0.99822,0.96774,0.96512,0.7945,0.38098,0.75466,0.33878,0.92464,0,0.0035349,0.0011783,0.0035349,0.0011783,0.0035349,0.0011783,0.0035349,0.0011783
85,131.497,0.33192,0.48378,0.355,0.85701,0,0.96495,0.93548,0.91787,0.86936,0.99822,0.96774,0.96512,0.79598,0.39904,0.74155,0.33976,0.92401,0,0.0035052,0.0011684,0.0035052,0.0011684,0.0035052,0.0011684,0.0035052,0.0011684
86,132.872,0.32451,0.50923,0.37935,0.85347,0,0.96496,0.93548,0.91787,0.86089,0.99823,0.96774,0.96512,0.79706,0.41214,0.73112,0.34046,0.92276,0,0.0034755,0.0011585,0.0034755,0.0011585,0.0034755,0.0011585,0.0034755,0.0011585
87,134.247,0.32988,0.50124,0.37639,0.85541,0,0.96497,0.93548,0.91619,0.859,0.99824,0.96774,0.96512,0.80856,0.37737,0.71413,0.33139,0.90278,0,0.0034458,0.0011486,0.0034458,0.0011486,0.0034458,0.0011486,0.0034458,0.0011486
88,135.618,0.3235,0.49286,0.3575,0.84548,0,0.965,0.93548,0.91952,0.85699,0.99827,0.96774,0.96512,0.79561,0.37147,0.70001,0.34289,0.89632,0,0.0034161,0.0011387,0.0034161,0.0011387,0.0034161,0.0011387,0.0034161,0.0011387
89,136.99,0.30885,0.50432,0.37379,0.85973,0,0.96494,0.93548,0.9234,0.86752,0.99822,0.96774,0.96512,0.7929,0.4033,0.70076,0.32463,0.91615,0,0.0033864,0.0011288,0.0033864,0.0011288,0.0033864,0.0011288,0.0033864,0.0011288
90,138.376,0.32756,0.4745,0.35515,0.8585,0,0.96495,0.93548,0.92408,0.87883,0.99822,0.96774,0.96512,0.79648,0.41536,0.67213,0.31753,0.9209,0,0.0033567,0.0011189,0.0033567,0.0011189,0.0033567,0.0011189,0.0033567,0.0011189
91,139.749,0.32277,0.47854,0.36548,0.83358,0,0.96496,0.93548,0.93154,0.88114,0.99827,0.96774,0.96512,0.79442,0.38833,0.67046,0.31155,0.91696,0,0.003327,0.001109,0.003327,0.001109,0.003327,0.001109,0.003327,0.001109
92,141.12,0.32476,0.47654,0.37005,0.85897,0,0.96501,0.93548,0.92754,0.88841,0.99828,0.96774,0.96512,0.80467,0.38153,0.66876,0.31798,0.91437,0,0.0032973,0.0010991,0.0032973,0.0010991,0.0032973,0.0010991,0.0032973,0.0010991
93,142.513,0.31362,0.47398,0.34486,0.83771,0,0.965,0.93548,0.92355,0.86953,0.99827,0.96774,0.96513,0.80164,0.39527,0.65998,0.32298,0.91557,0,0.0032676,0.0010892,0.0032676,0.0010892,0.0032676,0.0010892,0.0032676,0.0010892
94,143.883,0.31201,0.48919,0.34229,0.85667,0,0.96498,0.93548,0.92222,0.8645,0.99829,0.96774,0.96513,0.80365,0.38177,0.66009,0.3167,0.9116,0,0.0032379,0.0010793,0.0032379,0.0010793,0.0032379,0.0010793,0.0032379,0.0010793
95,145.251,0.32144,0.49009,0.34352,0.85798,0,0.96495,0.93548,0.92556,0.87375,0.99822,0.96774,0.96513,0.8022,0.37419,0.6611,0.31863,0.90359,0,0.0032082,0.0010694,0.0032082,0.0010694,0.0032082,0.0010694,0.0032082,0.0010694
96,146.686,0.32286,0.47693,0.33915,0.86215,0,0.96494,0.93548,0.92756,0.87739,0.99822,0.96774,0.96513,0.79238,0.38537,0.65962,0.31519,0.91173,0,0.0031785,0.0010595,0.0031785,0.0010595,0.0031785,0.0010595,0.0031785,0.0010595
97,148.063,0.30854,0.46934,0.32368,0.84358,0,0.96493,0.93548,0.92656,0.88771,0.9982,0.96774,0.96514,0.78992,0.3788,0.65856,0.29584,0.91518,0,0.0031488,0.0010496,0.0031488,0.0010496,0.0031488,0.0010496,0.0031488,0.0010496
98,149.432,0.33185,0.47401,0.35143,0.8415,0,0.96497,0.93548,0.9299,0.89045,0.99825,0.96774,0.96514,0.79726,0.38513,0.65708,0.30558,0.91798,0,0.0031191,0.0010397,0.0031191,0.0010397,0.0031191,0.0010397,0.0031191,0.0010397
99,150.809,0.30437,0.49089,0.35485,0.8285,0,0.96496,0.93548,0.9299,0.88822,0.99823,0.96774,0.96514,0.81612,0.37106,0.65287,0.29856,0.90169,0,0.0030894,0.0010298,0.0030894,0.0010298,0.0030894,0.0010298,0.0030894,0.0010298
100,152.205,0.3447,0.49009,0.34981,0.86162,0,0.96496,0.93548,0.9309,0.89029,0.99823,0.96774,0.96514,0.8058,0.3789,0.65888,0.29438,0.90967,0,0.0030597,0.0010199,0.0030597,0.0010199,0.0030597,0.0010199,0.0030597,0.0010199
101,153.577,0.34458,0.51715,0.36343,0.85501,0,0.96496,0.93548,0.91923,0.87509,0.99827,0.96774,0.96514,0.79509,0.36997,0.64475,0.29309,0.90727,0,0.00303,0.00101,0.00303,0.00101,0.00303,0.00101,0.00303,0.00101
102,155.242,0.29996,0.44769,0.33589,0.84533,0,0.96497,0.93548,0.90824,0.85948,0.99824,0.96774,0.96514,0.79749,0.37817,0.64167,0.3101,0.91171,0,0.0030003,0.0010001,0.0030003,0.0010001,0.0030003,0.0010001,0.0030003,0.0010001
103,156.609,0.28541,0.48322,0.31512,0.8359,0,0.96496,0.93548,0.90724,0.85182,0.99823,0.96774,0.96514,0.80063,0.36935,0.63139,0.31414,0.90921,0,0.0029706,0.0009902,0.0029706,0.0009902,0.0029706,0.0009902,0.0029706,0.0009902
104,157.973,0.3409,0.54077,0.35445,0.84859,0,0.96496,0.93548,0.90725,0.85115,0.99823,0.96774,0.96515,0.79597,0.36709,0.62863,0.31641,0.9057,0,0.0029409,0.0009803,0.0029409,0.0009803,0.0029409,0.0009803,0.0029409,0.0009803
105,159.35,0.34228,0.46137,0.33272,0.87513,0,0.96494,0.93548,0.90825,0.84584,0.99821,0.96774,0.96515,0.80436,0.3771,0.64335,0.33887,0.90331,0,0.0029112,0.0009704,0.0029112,0.0009704,0.0029112,0.0009704,0.0029112,0.0009704
106,160.715,0.3054,0.45062,0.33703,0.84503,0,0.96499,0.93548,0.90825,0.85092,0.99826,0.96774,0.96515,0.8034,0.37903,0.65864,0.33533,0.90747,0,0.0028815,0.0009605,0.0028815,0.0009605,0.0028815,0.0009605,0.0028815,0.0009605
107,162.082,0.31509,0.50858,0.33614,0.84709,0,0.96495,0.93548,0.90724,0.86474,0.99822,0.96774,0.96514,0.80739,0.38482,0.67267,0.33188,0.91151,0,0.0028518,0.0009506,0.0028518,0.0009506,0.0028518,0.0009506,0.0028518,0.0009506
108,163.454,0.30775,0.44668,0.34671,0.8493,0,0.96493,0.93548,0.91257,0.87287,0.9982,0.96774,0.96514,0.80209,0.37806,0.6819,0.33314,0.91418,0,0.0028221,0.0009407,0.0028221,0.0009407,0.0028221,0.0009407,0.0028221,0.0009407
109,164.823,0.3397,0.51014,0.34842,0.85519,0,0.96496,0.93548,0.92024,0.88365,0.99823,0.96774,0.96514,0.80682,0.36723,0.68354,0.32413,0.91284,0,0.0027924,0.0009308,0.0027924,0.0009308,0.0027924,0.0009308,0.0027924,0.0009308
110,166.19,0.31003,0.49711,0.32913,0.84365,0,0.96495,0.93548,0.9169,0.87201,0.99822,0.96774,0.96514,0.8032,0.36727,0.67843,0.31573,0.90922,0,0.0027627,0.0009209,0.0027627,0.0009209,0.0027627,0.0009209,0.0027627,0.0009209
111,167.569,0.28057,0.46742,0.32565,0.83055,0,0.96495,0.93548,0.91257,0.87061,0.99822,0.96774,0.96514,0.81187,0.36971,0.68346,0.30163,0.90961,0,0.002733,0.000911,0.002733,0.000911,0.002733,0.000911,0.002733,0.000911
112,168.93,0.30156,0.45675,0.34519,0.86367,0,0.96499,0.93548,0.9139,0.86909,0.99827,0.96774,0.96514,0.795,0.3624,0.68006,0.29981,0.90484,0,0.0027033,0.0009011,0.0027033,0.0009011,0.0027033,0.0009011,0.0027033,0.0009011
113,170.298,0.29015,0.44535,0.32038,0.84754,0,0.96496,0.93548,0.9149,0.86583,0.99824,0.96774,0.96514,0.80929,0.3699,0.6774,0.30112,0.9109,0,0.0026736,0.0008912,0.0026736,0.0008912,0.0026736,0.0008912,0.0026736,0.0008912
114,171.667,0.30706,0.49874,0.3371,0.85559,0,0.96498,0.93548,0.9159,0.86764,0.99826,0.96774,0.96514,0.80528,0.36183,0.67592,0.30189,0.90921,0,0.0026439,0.0008813,0.0026439,0.0008813,0.0026439,0.0008813,0.0026439,0.0008813
115,173.03,0.32765,0.46523,0.34085,0.84997,0,0.96499,0.93548,0.92023,0.87644,0.99827,0.96774,0.96514,0.80253,0.37028,0.66916,0.29847,0.90863,0,0.0026142,0.0008714,0.0026142,0.0008714,0.0026142,0.0008714,0.0026142,0.0008714
116,174.401,0.29362,0.43865,0.3278,0.84825,0,0.96499,0.93548,0.92358,0.87318,0.99827,0.96774,0.96514,0.8087,0.3649,0.66643,0.30224,0.90753,0,0.0025845,0.0008615,0.0025845,0.0008615,0.0025845,0.0008615,0.0025845,0.0008615
117,175.77,0.27257,0.43575,0.31321,0.82258,0,0.96498,0.93548,0.91691,0.86119,0.99825,0.96774,0.96515,0.8032,0.35409,0.66375,0.31806,0.90274,0,0.0025548,0.0008516,0.0025548,0.0008516,0.0025548,0.0008516,0.0025548,0.0008516
118,177.134,0.30172,0.45712,0.32352,0.85072,0,0.96496,0.93548,0.91691,0.85838,0.99823,0.96774,0.96514,0.80605,0.35965,0.66287,0.32251,0.91834,0,0.0025251,0.0008417,0.0025251,0.0008417,0.0025251,0.0008417,0.0025251,0.0008417
119,178.513,0.30508,0.47138,0.32567,0.84661,0,0.96491,0.93548,0.92024,0.86216,0.99818,0.96774,0.96514,0.79663,0.35848,0.66505,0.29918,0.91556,0,0.0024954,0.0008318,0.0024954,0.0008318,0.0024954,0.0008318,0.0024954,0.0008318
120,179.92,0.32832,0.56296,0.3708,0.87453,0,0.96492,0.93548,0.92558,0.87232,0.99819,0.96774,0.96514,0.78646,0.34297,0.67011,0.29528,0.90725,0,0.0024657,0.0008219,0.0024657,0.0008219,0.0024657,0.0008219,0.0024657,0.0008219
121,181.378,0.32079,0.4628,0.33664,0.86652,0,0.96495,0.93548,0.92558,0.87751,0.99822,0.96774,0.96515,0.8052,0.33858,0.67074,0.27903,0.9048,0,0.002436,0.000812,0.002436,0.000812,0.002436,0.000812,0.002436,0.000812
122,182.776,0.29969,0.42787,0.32492,0.84014,0,0.96497,0.93548,0.92659,0.88131,0.99824,0.96774,0.96515,0.79768,0.33608,0.67702,0.29166,0.90787,0,0.0024063,0.0008021,0.0024063,0.0008021,0.0024063,0.0008021,0.0024063,0.0008021
123,184.145,0.3025,0.44509,0.29984,0.85821,0,0.96497,0.93548,0.92126,0.88001,0.99824,0.96774,0.96515,0.79564,0.34055,0.68391,0.29963,0.90476,0,0.0023766,0.0007922,0.0023766,0.0007922,0.0023766,0.0007922,0.0023766,0.0007922
124,185.568,0.29842,0.46576,0.3143,0.84186,0,0.96497,0.93548,0.92026,0.87239,0.99824,0.96774,0.96515,0.80826,0.34634,0.68216,0.30047,0.90775,0,0.0023469,0.0007823,0.0023469,0.0007823,0.0023469,0.0007823,0.0023469,0.0007823
125,186.971,0.28347,0.4581,0.30107,0.83928,0,0.96493,0.93548,0.91926,0.86662,0.99821,0.96774,0.96515,0.79935,0.36206,0.67696,0.31411,0.91224,0,0.0023172,0.0007724,0.0023172,0.0007724,0.0023172,0.0007724,0.0023172,0.0007724
126,188.343,0.27573,0.50592,0.34239,0.82868,0,0.96492,0.93548,0.91693,0.87232,0.99823,0.96774,0.96515,0.79254,0.35876,0.68223,0.31765,0.91131,0,0.0022875,0.0007625,0.0022875,0.0007625,0.0022875,0.0007625,0.0022875,0.0007625
127,189.71,0.29281,0.44757,0.30926,0.84757,0,0.96489,0.93548,0.91493,0.87565,0.99817,0.96774,0.96515,0.79404,0.35474,0.67682,0.30405,0.90436,0,0.0022578,0.0007526,0.0022578,0.0007526,0.0022578,0.0007526,0.0022578,0.0007526
128,191.147,0.28501,0.43349,0.30226,0.84055,0,0.96491,0.93548,0.92227,0.88934,0.99818,0.96774,0.96516,0.79782,0.35395,0.68958,0.29248,0.8999,0,0.0022281,0.0007427,0.0022281,0.0007427,0.0022281,0.0007427,0.0022281,0.0007427
129,192.581,0.27582,0.40629,0.31526,0.85371,0,0.9649,0.93548,0.9246,0.88322,0.99818,0.96774,0.96516,0.79616,0.35566,0.69039,0.28284,0.89978,0,0.0021984,0.0007328,0.0021984,0.0007328,0.0021984,0.0007328,0.0021984,0.0007328
130,194.04,0.33277,0.45554,0.33535,0.86882,0,0.96493,0.93548,0.92459,0.88289,0.9982,0.96774,0.96515,0.79556,0.33917,0.69605,0.2788,0.89642,0,0.0021687,0.0007229,0.0021687,0.0007229,0.0021687,0.0007229,0.0021687,0.0007229
131,195.429,0.28105,0.42704,0.29257,0.85099,0,0.96493,0.93548,0.92227,0.88643,0.9982,0.96774,0.96516,0.79698,0.32922,0.69762,0.28598,0.89759,0,0.002139,0.000713,0.002139,0.000713,0.002139,0.000713,0.002139,0.000713
132,196.796,0.30952,0.45171,0.31014,0.84399,0,0.96489,0.93548,0.92128,0.87847,0.9982,0.96774,0.96516,0.80371,0.32197,0.69772,0.28318,0.89735,0,0.0021093,0.0007031,0.0021093,0.0007031,0.0021093,0.0007031,0.0021093,0.0007031
133,198.22,0.27529,0.45932,0.29303,0.84709,0,0.96487,0.93548,0.91928,0.88423,0.99814,0.96774,0.96517,0.8036,0.31857,0.69562,0.28815,0.89468,0,0.0020796,0.0006932,0.0020796,0.0006932,0.0020796,0.0006932,0.0020796,0.0006932
134,199.621,0.26372,0.41212,0.31445,0.82768,0,0.96488,0.93548,0.91795,0.87604,0.99815,0.96774,0.96517,0.8104,0.33252,0.7024,0.28688,0.89705,0,0.0020499,0.0006833,0.0020499,0.0006833,0.0020499,0.0006833,0.0020499,0.0006833
135,200.984,0.29551,0.45062,0.30776,0.83391,0,0.96484,0.93548,0.91928,0.87921,0.99811,0.96774,0.96517,0.80358,0.33271,0.70635,0.28783,0.8974,0,0.0020202,0.0006734,0.0020202,0.0006734,0.0020202,0.0006734,0.0020202,0.0006734
136,202.355,0.32481,0.47943,0.32291,0.86872,0,0.96484,0.93548,0.91495,0.87894,0.99811,0.96774,0.96517,0.80348,0.33659,0.70566,0.29509,0.89935,0,0.0019905,0.0006635,0.0019905,0.0006635,0.0019905,0.0006635,0.0019905,0.0006635
137,203.719,0.27713,0.43851,0.29873,0.84075,0,0.96484,0.93548,0.91495,0.87606,0.99811,0.96774,0.96517,0.81251,0.3454,0.70266,0.29426,0.90434,0,0.0019608,0.0006536,0.0019608,0.0006536,0.0019608,0.0006536,0.0019608,0.0006536
138,205.086,0.2694,0.48696,0.2921,0.85294,0,0.96487,0.93548,0.91595,0.87429,0.99814,0.96774,0.96517,0.80751,0.34597,0.69775,0.28749,0.9024,0,0.0019311,0.0006437,0.0019311,0.0006437,0.0019311,0.0006437,0.0019311,0.0006437
139,206.449,0.26883,0.40785,0.3055,0.85698,0,0.96491,0.93548,0.91595,0.87746,0.99819,0.96774,0.96517,0.80361,0.34226,0.69125,0.28205,0.90148,0,0.0019014,0.0006338,0.0019014,0.0006338,0.0019014,0.0006338,0.0019014,0.0006338
140,207.818,0.28873,0.4535,0.31714,0.84231,0,0.96491,0.93548,0.91796,0.88097,0.99818,0.96774,0.96517,0.80447,0.34431,0.69334,0.27902,0.90157,0,0.0018717,0.0006239,0.0018717,0.0006239,0.0018717,0.0006239,0.0018717,0.0006239
141,209.179,0.30326,0.43874,0.30904,0.84657,0,0.96491,0.93548,0.9193,0.88553,0.99822,0.96774,0.96518,0.80686,0.33704,0.69868,0.27132,0.89575,0,0.001842,0.000614,0.001842,0.000614,0.001842,0.000614,0.001842,0.000614
142,210.542,0.28797,0.45314,0.29168,0.85004,0,0.96496,0.93548,0.9223,0.88505,0.99823,0.96774,0.96518,0.80616,0.33649,0.69609,0.27596,0.89598,0,0.0018123,0.0006041,0.0018123,0.0006041,0.0018123,0.0006041,0.0018123,0.0006041
143,211.915,0.26301,0.41858,0.28594,0.85192,0,0.96496,0.93548,0.9203,0.87974,0.99823,0.96774,0.96518,0.80074,0.34121,0.69104,0.26881,0.90225,0,0.0017826,0.0005942,0.0017826,0.0005942,0.0017826,0.0005942,0.0017826,0.0005942
144,213.278,0.2552,0.41981,0.26689,0.83201,0,0.96501,0.93548,0.91697,0.87315,0.99829,0.96774,0.96518,0.79333,0.35329,0.6966,0.26627,0.91206,0,0.0017529,0.0005843,0.0017529,0.0005843,0.0017529,0.0005843,0.0017529,0.0005843
145,214.643,0.28821,0.4357,0.30101,0.8499,0,0.965,0.93548,0.92231,0.87872,0.99827,0.96774,0.96519,0.79645,0.36064,0.70266,0.26603,0.91496,0,0.0017232,0.0005744,0.0017232,0.0005744,0.0017232,0.0005744,0.0017232,0.0005744
146,216.01,0.28266,0.48873,0.29079,0.84775,0,0.96499,0.93548,0.92031,0.88332,0.99827,0.96774,0.96518,0.80871,0.36421,0.69304,0.27607,0.91803,0,0.0016935,0.0005645,0.0016935,0.0005645,0.0016935,0.0005645,0.0016935,0.0005645
147,217.376,0.27557,0.46313,0.30329,0.85869,0,0.96498,0.93548,0.92764,0.88637,0.99825,0.96774,0.96518,0.8094,0.36593,0.68513,0.27665,0.91757,0,0.0016638,0.0005546,0.0016638,0.0005546,0.0016638,0.0005546,0.0016638,0.0005546
148,218.742,0.24359,0.38353,0.26877,0.85601,0,0.96498,0.93548,0.92364,0.88021,0.99826,0.96774,0.96518,0.80119,0.36512,0.68399,0.28016,0.91398,0,0.0016341,0.0005447,0.0016341,0.0005447,0.0016341,0.0005447,0.0016341,0.0005447
149,220.115,0.2582,0.45413,0.29731,0.84707,0,0.96497,0.93548,0.92131,0.87907,0.99824,0.96774,0.96518,0.79675,0.35755,0.6871,0.27378,0.91055,0,0.0016044,0.0005348,0.0016044,0.0005348,0.0016044,0.0005348,0.0016044,0.0005348
